{"Top layer": {"train_losses": [0.3549570623476794, 0.31439928530128136, 0.2833615065000619, 0.26441379736183557, 0.25413819967181817], "train_losses_cls": [0.9707973485539674, 0.7947664033075806, 0.6557408666155141, 0.5705233537087775, 0.5256698907940252], "train_losses_div": [0.04312712528036943, 0.09888373396009396, 0.1438199521344938, 0.17212298844650292, 0.18618983030319214], "train_losses_cos": [0.050946679517958955, 0.049547684610269635, 0.05052367543244058, 0.05059502087533474, 0.0505548544868732], "eval_losses": [0.8761357143521309, 0.8471929356455803, 0.8176554702222347, 0.8098549023270607, 0.8087332844734192], "eval_accs": [0.654, 0.665, 0.664, 0.664, 0.664]}, "Bottom layer": {"train_losses": [0.3803305939124648, 0.35775194900810336, 0.32713510295388043, 0.29979364469552494, 0.2825012115915869], "train_losses_cls": [1.0866618156433105, 0.9907349879574624, 0.8539009143592445, 0.7328331246497525, 0.6547195379901084], "train_losses_div": [0.01252188955902294, 0.037581743524190345, 0.0797038713031134, 0.1169230460076575, 0.14240291572300492], "train_losses_cos": [0.04180804823353222, 0.04493908162353335, 0.0478004978459542, 0.04962473627251045, 0.050381151805068275], "eval_losses": [1.0389441922307014, 0.94118757173419, 0.9194194450974464, 0.9143612533807755, 0.9142407327890396], "eval_accs": [0.48, 0.592, 0.599, 0.6, 0.596]}, "Odd layer": {"train_losses": [0.3686800080879479, 0.3245486721491358, 0.2918381317975415, 0.27033906890328524, 0.2591631116381117], "train_losses_cls": [1.0238058426577574, 0.840475728557368, 0.6941289662555524, 0.5977317409910214, 0.5478281572366216], "train_losses_div": [0.030251121848441993, 0.08407768277320893, 0.1313868015530003, 0.16271822477222248, 0.1788811343870345], "train_losses_cos": [0.05198302501990537, 0.049092576085666945, 0.04999859580046432, 0.050567215901746114, 0.05078001315616498], "eval_losses": [0.919566921889782, 0.8508507199585438, 0.8260082751512527, 0.814381156116724, 0.8180659301578999], "eval_accs": [0.622, 0.647, 0.667, 0.667, 0.662]}, "Even layer": {"train_losses": [0.366398316090274, 0.32434171305340564, 0.29315090255372844, 0.2744683306308309, 0.26322181978423126], "train_losses_cls": [1.0261187504051597, 0.8395971226844059, 0.7001000684537705, 0.6176936489761256, 0.5680495039292961], "train_losses_div": [0.02683107263058614, 0.08504009590881645, 0.1301610606016627, 0.1567694294699438, 0.17319292446989923], "train_losses_cos": [0.04624509154729972, 0.04838789530857733, 0.04919154476967587, 0.048941882517022695, 0.048423000902032394], "eval_losses": [0.8938211277127266, 0.8472234196960926, 0.8195087127387524, 0.8057399764657021, 0.8036033995449543], "eval_accs": [0.636, 0.648, 0.662, 0.668, 0.672]}}